{
  "evaluated_samples": 305,
  "accuracy": 0.731147541,
  "binary_verified_vs_rest": {
    "precision": 0.7263157894736842,
    "recall": 0.6634615384615384,
    "f1": 0.6934673366834172,
    "tp": 69,
    "fp": 26,
    "fn": 35
  },
  "report_3class": {
    "uncertain": {
      "precision": 0.23333333333333334,
      "recall": 0.25,
      "f1": 0.2413793103448276,
      "support": 28
    },
    "unverified": {
      "precision": 0.8166666666666667,
      "recall": 0.8497109826589595,
      "f1": 0.8328611898016998,
      "support": 173
    },
    "verified": {
      "precision": 0.7263157894736842,
      "recall": 0.6634615384615384,
      "f1": 0.6934673366834172,
      "support": 104
    }
  },
  "confusion_matrix_3class": {
    "uncertain": {
      "uncertain": 7,
      "unverified": 9,
      "verified": 12
    },
    "unverified": {
      "uncertain": 12,
      "unverified": 147,
      "verified": 14
    },
    "verified": {
      "uncertain": 11,
      "unverified": 24,
      "verified": 69
    }
  }
}